Date,adj_close
2013-01-02,16.612213134765625
2013-01-03,16.402523040771484
2013-01-04,15.945650100708008
2013-01-07,15.851839065551758
2013-01-08,15.894505500793457
2013-01-09,15.646097183227539
2013-01-10,15.840046882629395
2013-01-11,15.742913246154785
2013-01-14,15.181642532348633
2013-01-15,14.702666282653809
2013-01-16,15.312954902648926
2013-01-17,15.209776878356934
2013-01-18,15.128692626953125
2013-01-22,15.273015975952148
2013-01-23,15.552597045898438
2013-01-24,13.630950927734375
2013-01-25,13.309618949890137
2013-01-28,13.610674858093262
2013-01-29,13.866050720214844
2013-01-30,13.822478294372559
2013-01-31,13.781935691833496
2013-02-01,13.72535228729248
2013-02-04,13.383444786071777
2013-02-05,13.853036880493164
2013-02-06,13.838211059570312
2013-02-07,14.249673843383789
2013-02-08,14.45541000366211
2013-02-11,14.606053352355957
2013-02-12,14.239937782287598
2013-02-13,14.212846755981445
2013-02-14,14.200065612792969
2013-02-15,14.004379272460938
2013-02-19,13.999205589294434
2013-02-20,13.660179138183594
2013-02-21,13.575265884399414
2013-02-22,13.719825744628906
2013-02-25,13.476051330566406
2013-02-26,13.66382884979248
2013-02-27,13.529918670654297
2013-02-28,13.433445930480957
2013-03-01,13.10080337524414
2013-03-04,12.783684730529785
2013-03-05,13.121195793151855
2013-03-06,12.954418182373047
2013-03-07,13.104146957397461
2013-03-08,13.138846397399902
2013-03-11,13.326016426086426
2013-03-12,13.038717269897461
2013-03-13,13.036287307739258
2013-03-14,13.162585258483887
2013-03-15,13.502223014831543
2013-03-18,13.869258880615234
2013-03-19,13.831823348999023
2013-03-20,13.75847339630127
2013-03-21,13.778257369995117
2013-03-22,14.057640075683594
2013-03-25,14.108465194702148
2013-03-26,14.034205436706543
2013-03-27,13.75847339630127
2013-03-28,13.471790313720703
2013-04-01,13.053325653076172
2013-04-02,13.080110549926758
2013-04-03,13.147062301635742
2013-04-04,13.017110824584961
2013-04-05,12.879551887512207
2013-04-08,12.971156120300293
2013-04-09,12.994588851928711
2013-04-10,13.25966739654541
2013-04-11,13.218280792236328
2013-04-12,13.08041000366211
2013-04-15,12.777599334716797
2013-04-16,12.972070693969727
2013-04-17,12.258700370788574
2013-04-18,11.931538581848145
2013-04-19,11.88528060913086
2013-04-22,12.133010864257812
2013-04-23,12.360044479370117
2013-04-24,12.339654922485352
2013-04-25,12.4285249710083
2013-04-26,12.696946144104004
2013-04-29,13.090150833129883
2013-04-30,13.475440979003906
2013-05-01,13.369232177734375
2013-05-02,13.558832168579102
2013-05-03,13.694567680358887
2013-05-06,14.021123886108398
2013-05-07,13.958733558654785
2013-05-08,14.116377830505371
2013-05-09,13.99322509765625
2013-05-10,13.876812934875488
2013-05-13,13.93103313446045
2013-05-14,13.597724914550781
2013-05-15,13.137890815734863
2013-05-16,13.313433647155762
2013-05-17,13.272988319396973
2013-05-20,13.569235801696777
2013-05-21,13.469056129455566
2013-05-22,13.520829200744629
2013-05-23,13.545027732849121
2013-05-24,13.63724422454834
2013-05-28,13.523587226867676
2013-05-29,13.631121635437012
2013-05-30,13.834228515625
2013-05-31,13.777555465698242
2013-06-03,13.807883262634277
2013-06-04,13.764684677124023
2013-06-05,13.636017799377441
2013-06-06,13.432293891906738
2013-06-07,13.534921646118164
2013-06-10,13.445466995239258
2013-06-11,13.405949592590332
2013-06-12,13.24021053314209
2013-06-13,13.355704307556152
2013-06-14,13.174654960632324
2013-06-17,13.234391212463379
2013-06-18,13.227346420288086
2013-06-19,12.9586763381958
2013-06-20,12.769962310791016
2013-06-21,12.66763973236084
2013-06-24,12.331880569458008
2013-06-25,12.334637641906738
2013-06-26,12.194938659667969
2013-06-27,12.063515663146973
2013-06-28,12.147764205932617
2013-07-01,12.536519050598145
2013-07-02,12.82050895690918
2013-07-03,12.891275405883789
2013-07-05,12.78773021697998
2013-07-08,12.715126037597656
2013-07-09,12.938762664794922
2013-07-10,12.889130592346191
2013-07-11,13.090099334716797
2013-07-12,13.066204071044922
2013-07-15,13.094693183898926
2013-07-16,13.17924690246582
2013-07-17,13.182619094848633
2013-07-18,13.22704029083252
2013-07-19,13.018414497375488
2013-07-22,13.060077667236328
2013-07-23,12.835827827453613
2013-07-24,13.495095252990723
2013-07-25,13.433520317077637
2013-07-26,13.509800910949707
2013-07-29,13.718119621276855
2013-07-30,13.88753604888916
2013-07-31,13.863330841064453
2013-08-01,13.990464210510254
2013-08-02,14.169989585876465
2013-08-05,14.381678581237793
2013-08-06,14.253013610839844
2013-08-07,14.244738578796387
2013-08-08,14.216370582580566
2013-08-09,14.01407241821289
2013-08-12,14.412186622619629
2013-08-13,15.09708309173584
2013-08-14,15.37246322631836
2013-08-15,15.354276657104492
2013-08-16,15.490579605102539
2013-08-19,15.657402992248535
2013-08-20,15.451713562011719
2013-08-21,15.491494178771973
2013-08-22,15.510001182556152
2013-08-23,15.450176239013672
2013-08-26,15.5103120803833
2013-08-27,15.066864967346191
2013-08-28,15.138108253479004
2013-08-29,15.162771224975586
2013-08-30,15.024619102478027
2013-09-03,15.06655502319336
2013-09-04,15.378324508666992
2013-09-05,15.272856712341309
2013-09-06,15.363822937011719
2013-09-09,15.608993530273438
2013-09-10,15.25343132019043
2013-09-11,14.422981262207031
2013-09-12,14.576547622680664
2013-09-13,14.336329460144043
2013-09-16,13.880548477172852
2013-09-17,14.040903091430664
2013-09-18,14.329544067382812
2013-09-19,14.564525604248047
2013-09-20,14.41373062133789
2013-09-23,15.130078315734863
2013-09-24,15.08259105682373
2013-09-25,14.849150657653809
2013-09-26,14.993783950805664
2013-09-27,14.886774063110352
2013-09-30,14.70174789428711
2013-10-01,15.047438621520996
2013-10-02,15.096781730651855
2013-10-03,14.907132148742676
2013-10-04,14.895403861999512
2013-10-07,15.040960311889648
2013-10-08,14.830962181091309
2013-10-09,15.00518798828125
2013-10-10,15.0992431640625
2013-10-11,15.196993827819824
2013-10-14,15.296608924865723
2013-10-15,15.37801456451416
2013-10-16,15.45295238494873
2013-10-17,15.5574951171875
2013-10-18,15.692869186401367
2013-10-21,16.077407836914062
2013-10-22,16.031461715698242
2013-10-23,16.18842124938965
2013-10-24,16.402738571166992
2013-10-25,16.219255447387695
2013-10-28,16.34014320373535
2013-10-29,15.933088302612305
2013-10-30,16.186573028564453
2013-10-31,16.11872673034668
2013-11-01,16.036399841308594
2013-11-04,16.24361801147461
2013-11-05,16.203535079956055
2013-11-06,16.157629013061523
2013-11-07,15.896150588989258
2013-11-08,16.14645767211914
2013-11-11,16.099626541137695
2013-11-12,16.129405975341797
2013-11-13,16.148632049560547
2013-11-14,16.382198333740234
2013-11-15,16.28387451171875
2013-11-18,16.08659553527832
2013-11-19,16.115129470825195
2013-11-20,15.974000930786133
2013-11-21,16.16445541381836
2013-11-22,16.12288475036621
2013-11-25,16.245092391967773
2013-11-26,16.544727325439453
2013-11-27,16.93431282043457
2013-11-29,17.247892379760742
2013-12-02,17.097768783569336
2013-12-03,17.565818786621094
2013-12-04,17.52488136291504
2013-12-05,17.61483383178711
2013-12-06,17.370407104492188
2013-12-09,17.569236755371094
2013-12-10,17.54193878173828
2013-12-11,17.411975860595703
2013-12-12,17.38654136657715
2013-12-13,17.19702911376953
2013-12-16,17.292251586914062
2013-12-17,17.214397430419922
2013-12-18,17.083494186401367
2013-12-19,16.88777732849121
2013-12-20,17.02922248840332
2013-12-23,17.682758331298828
2013-12-24,17.607688903808594
2013-12-26,17.490764617919922
2013-12-27,17.37258529663086
2013-12-30,17.199817657470703
2013-12-31,17.40142822265625
2014-01-02,17.156702041625977
2014-01-03,16.77983856201172
2014-01-06,16.871341705322266
2014-01-07,16.750682830810547
2014-01-08,16.85675811767578
2014-01-09,16.641490936279297
2014-01-10,16.530460357666016
2014-01-13,16.617000579833984
2014-01-14,16.94764518737793
2014-01-15,17.28790855407715
2014-01-16,17.191442489624023
2014-01-17,16.770221710205078
2014-01-21,17.0307674407959
2014-01-22,17.106447219848633
2014-01-23,17.251300811767578
2014-01-24,16.937726974487305
2014-01-27,17.075122833251953
2014-01-28,15.710359573364258
2014-01-29,15.531999588012695
2014-01-30,15.501919746398926
2014-01-31,15.527348518371582
2014-02-03,15.556200981140137
2014-02-04,15.78138542175293
2014-02-05,15.899251937866211
2014-02-06,15.991926193237305
2014-02-07,16.21565055847168
2014-02-10,16.50615692138672
2014-02-11,16.723642349243164
2014-02-12,16.722393035888672
2014-02-13,16.987939834594727
2014-02-14,16.97420310974121
2014-02-18,17.03660774230957
2014-02-19,16.76763153076172
2014-02-20,16.57355499267578
2014-02-21,16.389453887939453
2014-02-24,16.461219787597656
2014-02-25,16.2899227142334
2014-02-26,16.14295196533203
2014-02-27,16.464967727661133
2014-02-28,16.42034149169922
2014-03-03,16.467775344848633
2014-03-04,16.576366424560547
2014-03-05,16.611318588256836
2014-03-06,16.561071395874023
2014-03-07,16.551395416259766
2014-03-10,16.566373825073242
2014-03-11,16.727699279785156
2014-03-12,16.74392318725586
2014-03-13,16.55794906616211
2014-03-14,16.371978759765625
2014-03-17,16.435945510864258
2014-03-18,16.581348419189453
2014-03-19,16.576984405517578
2014-03-20,16.497108459472656
2014-03-21,16.627225875854492
2014-03-24,16.824426651000977
2014-03-25,17.005401611328125
2014-03-26,16.842836380004883
2014-03-27,16.770444869995117
2014-03-28,16.751724243164062
2014-03-31,16.747982025146484
2014-04-01,16.90118408203125
2014-04-02,16.929271697998047
2014-04-03,16.811948776245117
2014-04-04,16.594457626342773
2014-04-07,16.333913803100586
2014-04-08,16.33297348022461
2014-04-09,16.547658920288086
2014-04-10,16.3342227935791
2014-04-11,16.21346664428711
2014-04-14,16.278060913085938
2014-04-15,16.16197967529297
2014-04-16,16.194744110107422
2014-04-17,16.37978744506836
2014-04-21,16.57417869567871
2014-04-22,16.590715408325195
2014-04-23,16.373849868774414
2014-04-24,17.716217041015625
2014-04-25,17.846330642700195
2014-04-28,18.537473678588867
2014-04-29,18.482559204101562
2014-04-30,18.412670135498047
2014-05-01,18.456039428710938
2014-05-02,18.490367889404297
2014-05-05,18.751846313476562
2014-05-06,18.547460556030273
2014-05-07,18.482559204101562
2014-05-08,18.449617385864258
2014-05-09,18.372743606567383
2014-05-12,18.601482391357422
2014-05-13,18.630659103393555
2014-05-14,18.634119033813477
2014-05-15,18.47566032409668
2014-05-16,18.748327255249023
2014-05-19,18.97048568725586
2014-05-20,18.974254608154297
2014-05-21,19.024446487426758
2014-05-22,19.054574966430664
2014-05-23,19.26982307434082
2014-05-27,19.63066291809082
2014-05-28,19.57982635498047
2014-05-29,19.93659019470215
2014-05-30,19.861919403076172
2014-06-02,19.725419998168945
2014-06-03,20.004365921020508
2014-06-04,20.2327880859375
2014-06-05,20.312179565429688
2014-06-06,20.25633430480957
2014-06-09,20.58045768737793
2014-06-10,20.70125961303711
2014-06-11,20.6156005859375
2014-06-12,20.27075958251953
2014-06-13,20.048919677734375
2014-06-16,20.250991821289062
2014-06-17,20.224634170532227
2014-06-18,20.246597290039062
2014-06-19,20.176311492919922
2014-06-20,19.967655181884766
2014-06-23,19.950088500976562
2014-06-24,19.82928466796875
2014-06-25,19.84685516357422
2014-06-26,19.965463638305664
2014-06-27,20.20267677307129
2014-06-30,20.41132926940918
2014-07-01,20.540918350219727
2014-07-02,20.532133102416992
2014-07-03,20.65294075012207
2014-07-07,21.079042434692383
2014-07-08,20.94286346435547
2014-07-09,20.95165252685547
2014-07-10,20.87478256225586
2014-07-11,20.914310455322266
2014-07-14,21.184463500976562
2014-07-15,20.9362735748291
2014-07-16,20.817672729492188
2014-07-17,20.44647216796875
2014-07-18,20.740800857543945
2014-07-21,20.6331729888916
2014-07-22,20.804492950439453
2014-07-23,21.347007751464844
2014-07-24,21.31186866760254
2014-07-25,21.45243263244629
2014-07-28,21.74895477294922
2014-07-29,21.608379364013672
2014-07-30,21.5578670501709
2014-07-31,20.997774124145508
2014-08-01,21.114185333251953
2014-08-04,20.995582580566406
2014-08-05,20.892349243164062
2014-08-06,20.857202529907227
2014-08-07,20.854997634887695
2014-08-08,20.91239356994629
2014-08-11,21.188308715820312
2014-08-12,21.18389320373535
2014-08-13,21.4642276763916
2014-08-14,21.521617889404297
2014-08-15,21.627565383911133
2014-08-18,21.88804054260254
2014-08-19,22.190441131591797
2014-08-20,22.19927215576172
2014-08-21,22.201480865478516
2014-08-22,22.364824295043945
2014-08-25,22.41339111328125
2014-08-26,22.26990509033203
2014-08-27,22.543609619140625
2014-08-28,22.570104598999023
2014-08-29,22.625286102294922
2014-09-02,22.80187225341797
2014-09-03,21.839473724365234
2014-09-04,21.658472061157227
2014-09-05,21.84609603881836
2014-09-08,21.711444854736328
2014-09-09,21.629777908325195
2014-09-10,22.294187545776367
2014-09-11,22.38909912109375
2014-09-12,22.43986701965332
2014-09-15,22.433252334594727
2014-09-16,22.26328468322754
2014-09-17,22.422208786010742
2014-09-18,22.46856117248535
2014-09-19,22.285358428955078
2014-09-22,22.30743408203125
2014-09-23,22.656187057495117
2014-09-24,22.45974349975586
2014-09-25,21.603290557861328
2014-09-26,22.239002227783203
2014-09-29,22.09773826599121
2014-09-30,22.239002227783203
2014-10-01,21.892454147338867
2014-10-02,22.05137825012207
2014-10-03,21.98957633972168
2014-10-06,21.98957633972168
2014-10-07,21.797536849975586
2014-10-08,22.250043869018555
2014-10-09,22.298606872558594
2014-10-10,22.23459243774414
2014-10-13,22.031517028808594
2014-10-14,21.797536849975586
2014-10-15,21.530437469482422
2014-10-16,21.247907638549805
2014-10-17,21.559141159057617
2014-10-20,22.020477294921875
2014-10-21,22.618669509887695
2014-10-22,22.733449935913086
2014-10-23,23.139598846435547
2014-10-24,23.225685119628906
2014-10-27,23.201412200927734
2014-10-28,23.561199188232422
2014-10-29,23.693647384643555
2014-10-30,23.614187240600586
2014-10-31,23.839330673217773
2014-11-03,24.14835548400879
2014-11-04,23.971773147583008
2014-11-05,24.029163360595703
2014-11-06,24.09787940979004
2014-11-07,24.166614532470703
2014-11-10,24.126710891723633
2014-11-11,24.319578170776367
2014-11-12,24.66319465637207
2014-11-13,25.011245727539062
2014-11-14,25.312759399414062
2014-11-17,25.2706298828125
2014-11-18,25.59874153137207
2014-11-19,25.42137908935547
2014-11-20,25.784961700439453
2014-11-21,25.820430755615234
2014-11-24,26.29928207397461
2014-11-25,26.070938110351562
2014-11-26,26.381317138671875
2014-11-28,26.365781784057617
2014-12-01,25.510061264038086
2014-12-02,25.412519454956055
2014-12-03,25.700716018676758
2014-12-04,25.60317039489746
2014-12-05,25.49454116821289
2014-12-08,24.918148040771484
2014-12-09,25.299449920654297
2014-12-10,24.81838607788086
2014-12-11,24.745220184326172
2014-12-12,24.326229095458984
2014-12-15,23.993696212768555
2014-12-16,23.665584564208984
2014-12-17,24.25528907775879
2014-12-18,24.973569869995117
2014-12-19,24.780698776245117
2014-12-22,25.037858963012695
2014-12-23,24.94917869567871
2014-12-24,24.831682205200195
2014-12-26,25.2706298828125
2014-12-29,25.252897262573242
2014-12-30,24.944744110107422
2014-12-31,24.4703311920166
2015-01-02,24.237545013427734
2015-01-05,23.554737091064453
2015-01-06,23.556961059570312
2015-01-07,23.887277603149414
2015-01-08,24.805082321166992
2015-01-09,24.831682205200195
2015-01-12,24.21981430053711
2015-01-13,24.434860229492188
2015-01-14,24.341751098632812
2015-01-15,23.681108474731445
2015-01-16,23.497100830078125
2015-01-20,24.10232162475586
2015-01-21,24.28632354736328
2015-01-22,24.918148040771484
2015-01-23,25.046730041503906
2015-01-26,25.073326110839844
2015-01-27,24.1954345703125
2015-01-28,25.563257217407227
2015-01-29,26.35914421081543
2015-01-30,25.973400115966797
2015-02-02,26.29928207397461
2015-02-03,26.303714752197266
2015-02-04,26.505449295043945
2015-02-05,26.69464111328125
2015-02-06,26.469839096069336
2015-02-09,26.645675659179688
2015-02-10,27.15757942199707
2015-02-11,27.794124603271484
2015-02-12,28.145769119262695
2015-02-13,28.28376579284668
2015-02-17,28.4506893157959
2015-02-18,28.648773193359375
2015-02-19,28.58867645263672
2015-02-20,28.822376251220703
2015-02-23,29.60135841369629
2015-02-24,29.416627883911133
2015-02-25,28.664350509643555
2015-02-26,29.027137756347656
2015-02-27,28.590913772583008
2015-03-02,28.73112678527832
2015-03-03,28.791217803955078
2015-03-04,28.608707427978516
2015-03-05,28.134639739990234
2015-03-06,28.17693328857422
2015-03-09,28.297117233276367
2015-03-10,27.711767196655273
2015-03-11,27.20654296875
2015-03-12,27.698415756225586
2015-03-13,27.507007598876953
2015-03-16,27.8096981048584
2015-03-17,28.27485466003418
2015-03-18,28.593130111694336
2015-03-19,28.377241134643555
2015-03-20,28.021142959594727
2015-03-23,28.31269645690918
2015-03-24,28.196969985961914
2015-03-25,27.460269927978516
2015-03-26,27.651670455932617
2015-03-27,27.43132972717285
2015-03-30,28.125751495361328
2015-03-31,27.69396209716797
2015-04-01,27.653898239135742
2015-04-02,27.892044067382812
2015-04-06,28.34386444091797
2015-04-07,28.045604705810547
2015-04-08,27.954362869262695
2015-04-09,28.168027877807617
2015-04-10,28.2882137298584
2015-04-13,28.232568740844727
2015-04-14,28.11016845703125
2015-04-15,28.216991424560547
2015-04-16,28.08123016357422
2015-04-17,27.76518440246582
2015-04-20,28.39950180053711
2015-04-21,28.245929718017578
2015-04-22,28.626516342163086
2015-04-23,28.860218048095703
2015-04-24,28.995983123779297
2015-04-27,29.52346420288086
2015-04-28,29.058292388916016
2015-04-29,28.630962371826172
2015-04-30,27.854206085205078
2015-05-01,28.699962615966797
2015-05-04,28.644325256347656
2015-05-05,27.99888801574707
2015-05-06,27.823055267333984
2015-05-07,27.995140075683594
2015-05-08,28.52259635925293
2015-05-11,28.23204803466797
2015-05-12,28.131479263305664
2015-05-13,28.162755966186523
2015-05-14,28.819847106933594
2015-05-15,28.779617309570312
2015-05-18,29.096986770629883
2015-05-19,29.07016944885254
2015-05-20,29.06792640686035
2015-05-21,29.365177154541016
2015-05-22,29.6221923828125
2015-05-26,28.969589233398438
2015-05-27,29.510446548461914
2015-05-28,29.452346801757812
2015-05-29,29.117101669311523
2015-06-01,29.175203323364258
2015-06-02,29.04557991027832
2015-06-03,29.08133316040039
2015-06-04,28.911479949951172
2015-06-05,28.7528018951416
2015-06-08,28.562824249267578
2015-06-09,28.477893829345703
2015-06-10,28.804195404052734
2015-06-11,28.7393856048584
2015-06-12,28.42202377319336
2015-06-15,28.366147994995117
2015-06-16,28.518129348754883
2015-06-17,28.451078414916992
2015-06-18,28.58070945739746
2015-06-19,28.29463005065918
2015-06-22,28.52035903930664
2015-06-23,28.390727996826172
2015-06-24,28.632102966308594
2015-06-25,28.495777130126953
2015-06-26,28.32814598083496
2015-06-29,27.831993103027344
2015-06-30,28.03313636779785
2015-07-01,28.29463005065918
2015-07-02,28.258869171142578
2015-07-06,28.160531997680664
2015-07-07,28.09124755859375
2015-07-08,27.393945693969727
2015-07-09,26.8351993560791
2015-07-10,27.552621841430664
2015-07-13,28.08454704284668
2015-07-14,28.0733699798584
2015-07-15,28.34380531311035
2015-07-16,28.72150993347168
2015-07-17,28.969589233398438
2015-07-20,29.517154693603516
2015-07-21,29.22214126586914
2015-07-22,27.9862117767334
2015-07-23,27.97279930114746
2015-07-24,27.825279235839844
2015-07-27,27.438642501831055
2015-07-28,27.57497215270996
2015-07-29,27.487812042236328
2015-07-30,27.349239349365234
2015-07-31,27.11009979248047
2015-08-03,26.47089958190918
2015-08-04,25.621612548828125
2015-08-05,25.791471481323242
2015-08-06,25.847599029541016
2015-08-07,25.935157775878906
2015-08-10,26.878093719482422
2015-08-11,25.479408264160156
2015-08-12,25.872291564941406
2015-08-13,25.85209083557129
2015-08-14,26.033946990966797
2015-08-17,26.303354263305664
2015-08-18,26.15517234802246
2015-08-19,25.82065773010254
2015-08-20,25.290817260742188
2015-08-21,23.743959426879883
2015-08-24,23.151260375976562
2015-08-25,23.29045867919922
2015-08-26,24.626272201538086
2015-08-27,25.35143280029297
2015-08-28,25.434499740600586
2015-08-31,25.315513610839844
2015-09-01,24.183996200561523
2015-09-02,25.22121810913086
2015-09-03,24.77893829345703
2015-09-04,24.531986236572266
2015-09-08,25.214488983154297
2015-09-09,24.72953987121582
2015-09-10,25.272865295410156
2015-09-11,25.64105224609375
2015-09-14,25.888010025024414
2015-09-15,26.105775833129883
2015-09-16,26.13496971130371
2015-09-17,25.575944900512695
2015-09-18,25.470428466796875
2015-09-21,25.865554809570312
2015-09-22,25.459199905395508
2015-09-23,25.665748596191406
2015-09-24,25.818410873413086
2015-09-25,25.75330352783203
2015-09-28,25.243671417236328
2015-09-29,24.484830856323242
2015-09-30,24.763233184814453
2015-10-01,24.601581573486328
2015-10-02,24.781185150146484
2015-10-05,24.870986938476562
2015-10-06,24.989974975585938
2015-10-07,24.870986938476562
2015-10-08,24.583620071411133
2015-10-09,25.171829223632812
2015-10-12,25.055082321166992
2015-10-13,25.097736358642578
2015-10-14,24.74302101135254
2015-10-15,25.11345863342285
2015-10-16,24.929367065429688
2015-10-19,25.084266662597656
2015-10-20,25.542264938354492
2015-10-21,25.540021896362305
2015-10-22,25.930667877197266
2015-10-23,26.734405517578125
2015-10-26,25.881271362304688
2015-10-27,25.717384338378906
2015-10-28,26.77705955505371
2015-10-29,27.0599422454834
2015-10-30,26.828699111938477
2015-11-02,27.205869674682617
2015-11-03,27.517940521240234
2015-11-04,27.389965057373047
2015-11-05,27.263704299926758
2015-11-06,27.295269012451172
2015-11-09,27.184791564941406
2015-11-10,26.328006744384766
2015-11-11,26.179197311401367
2015-11-12,26.091266632080078
2015-11-13,25.329181671142578
2015-11-16,25.74403953552246
2015-11-17,25.633563995361328
2015-11-18,26.44525146484375
2015-11-19,26.781200408935547
2015-11-20,26.898447036743164
2015-11-23,26.548967361450195
2015-11-24,26.803747177124023
2015-11-25,26.61209487915039
2015-11-27,26.56249237060547
2015-11-30,26.672977447509766
2015-12-01,26.45652961730957
2015-12-02,26.21752166748047
2015-12-03,25.974023818969727
2015-12-04,26.837568283081055
2015-12-07,26.668468475341797
2015-12-08,26.657190322875977
2015-12-09,26.0687198638916
2015-12-10,26.192726135253906
2015-12-11,25.518571853637695
2015-12-14,25.360748291015625
2015-12-15,24.912063598632812
2015-12-16,25.10370635986328
2015-12-17,24.571611404418945
2015-12-18,23.90646743774414
2015-12-21,24.1995792388916
2015-12-22,24.177032470703125
2015-12-23,24.488183975219727
2015-12-24,24.35740852355957
2015-12-28,24.0845890045166
2015-12-29,24.517492294311523
2015-12-30,24.197324752807617
2015-12-31,23.732860565185547
2016-01-04,23.753150939941406
2016-01-05,23.157913208007812
2016-01-06,22.70472526550293
2016-01-07,21.746475219726562
2016-01-08,21.861467361450195
2016-01-11,22.2154541015625
2016-01-12,22.537878036499023
2016-01-13,21.958415985107422
2016-01-14,22.438661575317383
2016-01-15,21.899799346923828
2016-01-19,21.7938232421875
2016-01-20,21.823144912719727
2016-01-21,21.712665557861328
2016-01-22,22.867061614990234
2016-01-25,22.42063331604004
2016-01-26,22.54463768005371
2016-01-27,21.063302993774414
2016-01-28,21.214374542236328
2016-01-29,21.947145462036133
2016-02-01,21.741966247558594
2016-02-02,21.302305221557617
2016-02-03,21.72393226623535
2016-02-04,21.898483276367188
2016-02-05,21.31361198425293
2016-02-08,21.538047790527344
2016-02-09,21.533512115478516
2016-02-10,21.370288848876953
2016-02-11,21.241077423095703
2016-02-12,21.30681800842285
2016-02-16,21.90755844116211
2016-02-17,22.243057250976562
2016-02-18,21.821407318115234
2016-02-19,21.771528244018555
2016-02-22,21.961963653564453
2016-02-23,21.465499877929688
2016-02-24,21.785133361816406
2016-02-25,21.934755325317383
2016-02-26,21.968765258789062
2016-02-29,21.918886184692383
2016-03-01,22.789384841918945
2016-03-02,22.839252471923828
2016-03-03,23.009273529052734
2016-03-04,23.351591110229492
2016-03-07,23.093154907226562
2016-03-08,22.902732849121094
2016-03-09,22.923133850097656
2016-03-10,22.934473037719727
2016-03-11,23.18155860900879
2016-03-14,23.240503311157227
2016-03-15,23.707490921020508
2016-03-16,24.02259635925293
2016-03-17,23.984060287475586
2016-03-18,24.01125717163086
2016-03-21,24.008995056152344
2016-03-22,24.192615509033203
2016-03-23,24.058860778808594
2016-03-24,23.954586029052734
2016-03-28,23.845773696899414
2016-03-29,24.410234451293945
2016-03-30,24.83641815185547
2016-03-31,24.707202911376953
2016-04-01,24.93389320373535
2016-04-04,25.1900634765625
2016-04-05,24.893091201782227
2016-04-06,25.153785705566406
2016-04-07,24.605194091796875
2016-04-08,24.632396697998047
2016-04-11,24.71400260925293
2016-04-12,25.035911560058594
2016-04-13,25.398616790771484
2016-04-14,25.412216186523438
2016-04-15,24.90215301513672
2016-04-18,24.36490249633789
2016-04-19,24.23568344116211
2016-04-20,24.285558700561523
2016-04-21,24.02259635925293
2016-04-22,23.956850051879883
2016-04-25,23.820833206176758
2016-04-26,23.655353546142578
2016-04-27,22.175046920776367
2016-04-28,21.49724006652832
2016-04-29,21.250146865844727
2016-05-02,21.22747802734375
2016-05-03,21.576583862304688
2016-05-04,21.352163314819336
2016-05-05,21.265487670898438
2016-05-06,21.14689064025879
2016-05-09,21.162860870361328
2016-05-10,21.306537628173828
2016-05-11,21.098997116088867
2016-05-12,20.60407829284668
2016-05-13,20.645130157470703
2016-05-16,21.411457061767578
2016-05-17,21.322500228881836
2016-05-18,21.566543579101562
2016-05-19,21.48444175720215
2016-05-20,21.717071533203125
2016-05-23,21.9930362701416
2016-05-24,22.328304290771484
2016-05-25,22.720592498779297
2016-05-26,22.90077018737793
2016-05-27,22.887081146240234
2016-05-31,22.775327682495117
2016-06-01,22.45602798461914
2016-06-02,22.28725814819336
2016-06-03,22.332868576049805
2016-06-06,22.49479866027832
2016-06-07,22.586027145385742
2016-06-08,22.56550407409668
2016-06-09,22.72743034362793
2016-06-10,22.540416717529297
2016-06-13,22.200580596923828
2016-06-14,22.227951049804688
2016-06-15,22.154966354370117
2016-06-16,22.24848175048828
2016-06-17,21.742156982421875
2016-06-20,21.689701080322266
2016-06-21,21.874448776245117
2016-06-22,21.792341232299805
2016-06-23,21.917774200439453
2016-06-24,21.30198097229004
2016-06-27,20.991798400878906
2016-06-28,21.34531021118164
2016-06-29,21.53005027770996
2016-06-30,21.80374526977539
2016-07-01,21.869884490966797
2016-07-05,21.664613723754883
2016-07-06,21.787769317626953
2016-07-07,21.881284713745117
2016-07-08,22.050060272216797
2016-07-11,22.118478775024414
2016-07-12,22.218830108642578
2016-07-13,22.0933895111084
2016-07-14,22.531280517578125
2016-07-15,22.529016494750977
2016-07-18,22.76848793029785
2016-07-19,22.777606964111328
2016-07-20,22.798139572143555
2016-07-21,22.677257537841797
2016-07-22,22.501646041870117
2016-07-25,22.200580596923828
2016-07-26,22.047779083251953
2016-07-27,23.480073928833008
2016-07-28,23.797090530395508
2016-07-29,23.767444610595703
2016-08-01,24.187095642089844
2016-08-02,23.829025268554688
2016-08-03,24.127796173095703
2016-08-04,24.276845932006836
2016-08-05,24.646034240722656
2016-08-08,24.85012435913086
2016-08-09,24.95100975036621
2016-08-10,24.765274047851562
2016-08-11,24.749221801757812
2016-08-12,24.806554794311523
2016-08-15,25.104652404785156
2016-08-16,25.08172035217285
2016-08-17,25.045032501220703
2016-08-18,25.012928009033203
2016-08-19,25.0771427154541
2016-08-22,24.88222885131836
2016-08-23,24.96019172668457
2016-08-24,24.77215576171875
2016-08-25,24.666675567626953
2016-08-26,24.52220916748047
2016-08-29,24.494693756103516
2016-08-30,24.306657791137695
2016-08-31,24.32959747314453
2016-09-01,24.474056243896484
2016-09-02,24.703365325927734
2016-09-06,24.69647789001465
2016-09-07,24.84782600402832
2016-09-08,24.196590423583984
2016-09-09,23.64854621887207
2016-09-12,24.178251266479492
2016-09-13,24.753816604614258
2016-09-14,25.6297664642334
2016-09-15,26.50113868713379
2016-09-16,26.352094650268555
2016-09-19,26.044815063476562
2016-09-20,26.042518615722656
2016-09-21,26.037940979003906
2016-09-22,26.283300399780273
2016-09-23,25.845312118530273
2016-09-26,25.884296417236328
2016-09-27,25.932451248168945
2016-09-28,26.12965965270996
2016-09-29,25.723785400390625
2016-09-30,25.923282623291016
2016-10-03,25.80174446105957
2016-10-04,25.91181182861328
2016-10-05,25.923282623291016
2016-10-06,26.115896224975586
2016-10-07,26.154878616333008
2016-10-10,26.611204147338867
2016-10-11,26.668529510498047
2016-10-12,26.907007217407227
2016-10-13,26.824460983276367
2016-10-14,26.973512649536133
2016-10-17,26.955167770385742
2016-10-18,26.93682098388672
2016-10-19,26.8565673828125
2016-10-20,26.842802047729492
2016-10-21,26.73732566833496
2016-10-24,26.978107452392578
2016-10-25,27.115680694580078
2016-10-26,26.50572395324707
2016-10-27,26.25119400024414
2016-10-28,26.0769100189209
2016-10-31,26.035642623901367
2016-11-01,25.56555938720703
2016-11-02,25.588489532470703
2016-11-03,25.314207077026367
2016-11-04,25.086034774780273
2016-11-07,25.44789695739746
2016-11-08,25.59770965576172
2016-11-09,25.55622673034668
2016-11-10,24.84402847290039
2016-11-11,24.99153709411621
2016-11-14,24.364612579345703
2016-11-15,24.68729591369629
2016-11-16,25.351089477539062
2016-11-17,25.341867446899414
2016-11-18,25.36722183227539
2016-11-21,25.752138137817383
2016-11-22,25.768274307250977
2016-11-23,25.636892318725586
2016-11-25,25.76597023010254
2016-11-28,25.71526336669922
2016-11-29,25.689903259277344
2016-11-30,25.473243713378906
2016-12-01,25.235849380493164
2016-12-02,25.330350875854492
2016-12-05,25.14826202392578
2016-12-06,25.341867446899414
2016-12-07,25.59079933166504
2016-12-08,25.842029571533203
2016-12-09,26.26381492614746
2016-12-12,26.113998413085938
2016-12-13,26.549619674682617
2016-12-14,26.549619674682617
2016-12-15,26.694822311401367
2016-12-16,26.729393005371094
2016-12-19,26.883821487426758
2016-12-20,26.95527458190918
2016-12-21,26.980619430541992
2016-12-22,26.803146362304688
2016-12-23,26.856157302856445
2016-12-27,27.02672004699707
2016-12-28,26.911479949951172
2016-12-29,26.904556274414062
2016-12-30,26.694822311401367
2017-01-03,26.77088165283203
2017-01-04,26.74091911315918
2017-01-05,26.876901626586914
2017-01-06,27.17653465270996
2017-01-09,27.425458908081055
2017-01-10,27.45311737060547
2017-01-11,27.600631713867188
2017-01-12,27.48538589477539
2017-01-13,27.436986923217773
2017-01-17,27.658246994018555
2017-01-18,27.655942916870117
2017-01-19,27.6075439453125
2017-01-20,27.658246994018555
2017-01-23,27.676687240600586
2017-01-24,27.651338577270508
2017-01-25,28.091562271118164
2017-01-26,28.105396270751953
2017-01-27,28.107694625854492
2017-01-30,28.033939361572266
2017-01-31,27.969411849975586
2017-02-01,29.674999237060547
2017-02-02,29.624286651611328
2017-02-03,29.75105857849121
2017-02-06,30.029943466186523
2017-02-07,30.31574821472168
2017-02-08,30.43329429626465
2017-02-09,30.653200149536133
2017-02-10,30.583755493164062
2017-02-13,30.85460090637207
2017-02-14,31.25506591796875
2017-02-15,31.36848258972168
2017-02-16,31.331464767456055
2017-02-17,31.41709327697754
2017-02-21,31.643957138061523
2017-02-22,31.738862991333008
2017-02-23,31.60460662841797
2017-02-24,31.63469886779785
2017-02-27,31.69719886779785
2017-02-28,31.71109390258789
2017-03-01,32.35924530029297
2017-03-02,32.16712188720703
2017-03-03,32.356937408447266
2017-03-06,32.25508499145508
2017-03-07,32.29674530029297
2017-03-08,32.1763801574707
2017-03-09,32.10228729248047
2017-03-10,32.20878601074219
2017-03-13,32.222679138183594
2017-03-14,32.17405319213867
2017-03-15,32.51434326171875
2017-03-16,32.567588806152344
2017-03-17,32.40554428100586
2017-03-20,32.74583053588867
2017-03-21,32.370826721191406
2017-03-22,32.736572265625
2017-03-23,32.62081527709961
2017-03-24,32.55601501464844
2017-03-27,32.611572265625
2017-03-28,33.28750228881836
2017-03-29,33.3615837097168
2017-03-30,33.31758499145508
2017-03-31,33.25508499145508
2017-04-03,33.26435089111328
2017-04-04,33.51203918457031
2017-04-05,33.33842468261719
2017-04-06,33.25508499145508
2017-04-07,33.18101501464844
2017-04-10,33.14167785644531
2017-04-11,32.78517532348633
2017-04-12,32.82453918457031
2017-04-13,32.65092849731445
2017-04-17,32.83146667480469
2017-04-18,32.68564987182617
2017-04-19,32.56525802612305
2017-04-20,32.97269058227539
2017-04-21,32.9333381652832
2017-04-24,33.250465393066406
2017-04-25,33.45649337768555
2017-04-26,33.25971603393555
2017-04-27,33.285194396972656
2017-04-28,33.252777099609375
2017-05-01,33.931034088134766
2017-05-02,34.14629364013672
2017-05-03,34.04213333129883
2017-05-04,33.91946029663086
2017-05-05,34.48196029663086
2017-05-08,35.41947555541992
2017-05-09,35.64633560180664
2017-05-10,35.47734451293945
2017-05-11,35.784175872802734
2017-05-12,36.28390884399414
2017-05-15,36.19093704223633
2017-05-16,36.13748550415039
2017-05-17,34.92414855957031
2017-05-18,35.4564208984375
2017-05-19,35.577293395996094
2017-05-22,35.79346466064453
2017-05-23,35.74931716918945
2017-05-24,35.64237594604492
2017-05-25,35.765567779541016
2017-05-26,35.70513916015625
2017-05-30,35.71908187866211
2017-05-31,35.50756072998047
2017-06-01,35.60517883300781
2017-06-02,36.13282012939453
2017-06-05,35.779518127441406
2017-06-06,35.90038299560547
2017-06-07,36.11424255371094
2017-06-08,36.02591323852539
2017-06-09,34.62894058227539
2017-06-12,33.80145263671875
2017-06-13,34.073402404785156
2017-06-14,33.74101257324219
2017-06-15,33.53879928588867
2017-06-16,33.069271087646484
2017-06-19,34.01530075073242
2017-06-20,33.7061653137207
2017-06-21,33.90604782104492
2017-06-22,33.85026550292969
2017-06-23,34.0013313293457
2017-06-26,33.894439697265625
2017-06-27,33.40861892700195
2017-06-28,33.896751403808594
2017-06-29,33.397003173828125
2017-06-30,33.47602844238281
2017-07-03,33.35517120361328
2017-07-05,33.4922981262207
2017-07-06,33.17619323730469
2017-07-07,33.513221740722656
2017-07-10,33.71776580810547
2017-07-11,33.8270149230957
2017-07-12,33.87583923339844
2017-07-13,34.347686767578125
2017-07-14,34.64288330078125
2017-07-17,34.76375961303711
2017-07-18,34.884613037109375
2017-07-19,35.10311508178711
2017-07-20,34.9450569152832
2017-07-21,34.92879867553711
2017-07-24,35.3518180847168
2017-07-25,35.5029182434082
2017-07-26,35.67026901245117
2017-07-27,34.99619674682617
2017-07-28,34.74980163574219
2017-07-31,34.570831298828125
2017-08-01,34.877662658691406
2017-08-02,36.525657653808594
2017-08-03,36.16072463989258
2017-08-04,36.351322174072266
2017-08-07,36.913818359375
2017-08-08,37.20901870727539
2017-08-09,37.436824798583984
2017-08-10,36.244388580322266
2017-08-11,36.748416900634766
2017-08-14,37.301475524902344
2017-08-15,37.70985412597656
2017-08-16,37.55816650390625
2017-08-17,36.837100982666016
2017-08-18,36.753089904785156
2017-08-21,36.685420989990234
2017-08-22,37.28512954711914
2017-08-23,37.3317985534668
2017-08-24,37.166141510009766
2017-08-25,37.303802490234375
2017-08-28,37.67950439453125
2017-08-29,38.01553726196289
2017-08-30,38.118202209472656
2017-08-31,38.26988220214844
2017-09-01,38.28156280517578
2017-09-05,37.82185745239258
2017-09-06,37.78218460083008
2017-09-07,37.630496978759766
2017-09-08,37.016780853271484
2017-09-11,37.68650436401367
2017-09-12,37.53715133666992
2017-09-13,37.254798889160156
2017-09-14,36.935096740722656
2017-09-15,37.3084831237793
2017-09-18,37.02611541748047
2017-09-19,37.04011917114258
2017-09-20,36.419403076171875
2017-09-21,35.79401779174805
2017-09-22,35.443992614746094
2017-09-25,35.13129806518555
2017-09-26,35.73567199707031
2017-09-27,35.990028381347656
2017-09-28,35.768348693847656
2017-09-29,35.9643669128418
2017-10-02,35.892024993896484
2017-10-03,36.04836654663086
2017-10-04,35.81501007080078
2017-10-05,36.260711669921875
2017-10-06,36.239723205566406
2017-10-09,36.365726470947266
2017-10-10,36.37972640991211
2017-10-11,36.53140640258789
2017-10-12,36.403076171875
2017-10-13,36.63407897949219
2017-10-16,37.3084831237793
2017-10-17,37.44615173339844
2017-10-18,37.28046798706055
2017-10-19,36.398399353027344
2017-10-20,36.461402893066406
2017-10-23,36.44273376464844
2017-10-24,36.659759521484375
2017-10-25,36.498741149902344
2017-10-26,36.73208999633789
2017-10-27,38.04820251464844
2017-10-30,38.90461730957031
2017-10-31,39.445987701416016
2017-11-01,38.944278717041016
2017-11-02,39.22896957397461
2017-11-03,40.253387451171875
2017-11-06,40.661766052246094
2017-11-07,40.79243850708008
2017-11-08,41.12612533569336
2017-11-09,41.04212188720703
2017-11-10,40.90629196166992
2017-11-13,40.74235534667969
2017-11-14,40.12641906738281
2017-11-15,39.59716033935547
2017-11-16,40.070228576660156
2017-11-17,39.84774398803711
2017-11-20,39.807952880859375
2017-11-21,40.54798126220703
2017-11-22,40.974205017089844
2017-11-24,40.97654342651367
2017-11-27,40.770450592041016
2017-11-28,40.53158187866211
2017-11-29,39.690826416015625
2017-11-30,40.245880126953125
2017-12-01,40.058509826660156
2017-12-04,39.76578140258789
2017-12-05,39.72830581665039
2017-12-06,39.58076095581055
2017-12-07,39.65336608886719
2017-12-08,39.665077209472656
2017-12-11,40.43790817260742
2017-12-12,40.21074295043945
2017-12-13,40.34422302246094
2017-12-14,40.33253479003906
2017-12-15,40.74235534667969
2017-12-18,41.316123962402344
2017-12-19,40.875858306884766
2017-12-20,40.83134460449219
2017-12-21,40.98591613769531
2017-12-22,40.98591613769531
2017-12-26,39.946102142333984
2017-12-27,39.95314025878906
2017-12-28,40.06553649902344
2017-12-29,39.63229751586914
2018-01-02,40.341888427734375
2018-01-03,40.334861755371094
2018-01-04,40.52222442626953
2018-01-05,40.98357391357422
2018-01-08,40.83134460449219
2018-01-09,40.82665252685547
2018-01-10,40.81730651855469
2018-01-11,41.04915237426758
2018-01-12,41.47303009033203
2018-01-16,41.26226806640625
2018-01-17,41.943763732910156
2018-01-18,41.98123550415039
2018-01-19,41.79386520385742
2018-01-22,41.45196533203125
2018-01-23,41.46132278442383
2018-01-24,40.800907135009766
2018-01-25,40.07257080078125
2018-01-26,40.1662483215332
2018-01-29,39.33486557006836
2018-01-30,39.10301208496094
2018-01-31,39.21074295043945
2018-02-01,39.292701721191406
2018-02-02,37.587799072265625
2018-02-05,36.648685455322266
2018-02-06,38.18029022216797
2018-02-07,37.36296844482422
2018-02-08,36.334869384765625
2018-02-09,36.77928161621094
2018-02-12,38.26072692871094
2018-02-13,38.644012451171875
2018-02-14,39.35649490356445
2018-02-15,40.678016662597656
2018-02-16,40.546348571777344
2018-02-20,40.409950256347656
2018-02-21,40.226539611816406
2018-02-22,40.562801361083984
2018-02-23,41.26824951171875
2018-02-26,42.084205627441406
2018-02-27,41.94782257080078
2018-02-28,41.88432312011719
2018-03-01,41.15065383911133
2018-03-02,41.43519973754883
2018-03-05,41.57863235473633
2018-03-06,41.54336166381836
2018-03-07,41.157737731933594
2018-03-08,41.60684585571289
2018-03-09,42.321693420410156
2018-03-12,42.730857849121094
2018-03-13,42.3193473815918
2018-03-14,41.95956802368164
2018-03-15,42.00896453857422
2018-03-16,41.860809326171875
2018-03-19,41.22120666503906
2018-03-20,41.20710754394531
2018-03-21,40.273582458496094
2018-03-22,39.70451736450195
2018-03-23,38.78509521484375
2018-03-26,40.62628173828125
2018-03-27,39.5845947265625
2018-03-28,39.14720916748047
2018-03-29,39.45290756225586
2018-04-02,39.19424057006836
2018-04-03,39.59635543823242
2018-04-04,40.35352325439453
2018-04-05,40.63335037231445
2018-04-06,39.5940055847168
2018-04-09,39.986698150634766
2018-04-10,40.739166259765625
2018-04-11,40.54869079589844
2018-04-12,40.94844436645508
2018-04-13,41.08717346191406
2018-04-16,41.343502044677734
2018-04-17,41.91254425048828
2018-04-18,41.81848907470703
2018-04-19,40.63335037231445
2018-04-20,38.968502044677734
2018-04-23,38.85564041137695
2018-04-24,38.31480407714844
2018-04-25,38.48174285888672
2018-04-26,38.61579513549805
2018-04-27,38.16901397705078
2018-04-30,38.86033248901367
2018-05-01,39.7633056640625
2018-05-02,41.51985549926758
2018-05-03,41.59510040283203
2018-05-04,43.22701644897461
2018-05-07,43.539756774902344
2018-05-08,43.74904251098633
2018-05-09,44.05707550048828
2018-05-10,44.68727493286133
2018-05-11,44.51730728149414
2018-05-14,44.41344451904297
2018-05-15,44.009803771972656
2018-05-16,44.42053985595703
2018-05-17,44.1396369934082
2018-05-18,43.97911071777344
2018-05-21,44.29069900512695
2018-05-22,44.17975997924805
2018-05-23,44.46303176879883
2018-05-24,44.41344451904297
2018-05-25,44.514949798583984
2018-05-29,44.35444259643555
2018-05-30,44.260009765625
2018-05-31,44.11130905151367
2018-06-01,44.90680694580078
2018-06-04,45.28211975097656
2018-06-05,45.63149642944336
2018-06-06,45.78963851928711
2018-06-07,45.66688919067383
2018-06-08,45.25143814086914
2018-06-11,45.14049530029297
2018-06-12,45.38835525512695
2018-06-13,45.0153923034668
2018-06-14,45.03899383544922
2018-06-15,44.576332092285156
2018-06-18,44.55272674560547
2018-06-19,43.832763671875
2018-06-20,44.02395248413086
2018-06-21,43.778480529785156
2018-06-22,43.6509895324707
2018-06-25,43.001853942871094
2018-06-26,43.53532791137695
2018-06-27,43.47159957885742
2018-06-28,43.787906646728516
2018-06-29,43.69584655761719
2018-07-02,44.184478759765625
2018-07-03,43.41494369506836
2018-07-05,43.76430130004883
2018-07-06,44.37096405029297
2018-07-09,44.987064361572266
2018-07-10,44.93277359008789
2018-07-11,44.34972381591797
2018-07-12,45.093292236328125
2018-07-13,45.16411209106445
2018-07-16,45.06496047973633
2018-07-17,45.19242477416992
2018-07-18,44.94456100463867
2018-07-19,45.2939338684082
2018-07-20,45.1900749206543
2018-07-23,45.230186462402344
2018-07-24,45.558311462402344
2018-07-25,45.98793411254883
2018-07-26,45.84394073486328
2018-07-27,45.08148956298828
2018-07-30,44.82891082763672
2018-07-31,44.91860580444336
2018-08-01,47.56477737426758
2018-08-02,48.95512771606445
2018-08-03,49.09675598144531
2018-08-06,49.3516960144043
2018-08-07,48.88903045654297
2018-08-08,48.92206573486328
2018-08-09,49.30683898925781
2018-08-10,49.15997314453125
2018-08-13,49.47739791870117
2018-08-14,49.685855865478516
2018-08-15,49.80193328857422
2018-08-16,50.53152084350586
2018-08-17,51.54063415527344
2018-08-20,51.0384407043457
2018-08-21,50.938961029052734
2018-08-22,50.94132614135742
2018-08-23,51.04555892944336
2018-08-24,51.204261779785156
2018-08-27,51.62590408325195
2018-08-28,52.042816162109375
2018-08-29,52.81978225708008
2018-08-30,53.30540466308594
2018-08-31,53.921295166015625
2018-09-04,54.09421920776367
2018-09-05,53.74125289916992
2018-09-06,52.84821701049805
2018-09-07,52.42184066772461
2018-09-10,51.71829605102539
2018-09-11,53.02587890625
2018-09-12,52.367347717285156
2018-09-13,53.63229751586914
2018-09-14,53.02350997924805
2018-09-17,51.611690521240234
2018-09-18,51.69697570800781
2018-09-19,51.72776412963867
2018-09-20,52.120994567871094
2018-09-21,51.559593200683594
2018-09-24,52.3010139465332
2018-09-25,52.632659912109375
2018-09-26,52.2133674621582
2018-09-27,53.28644561767578
2018-09-28,53.47357177734375
2018-10-01,53.83364486694336
2018-10-02,54.31214141845703
2018-10-03,54.9730339050293
2018-10-04,54.006568908691406
2018-10-05,53.130104064941406
2018-10-08,53.00692367553711
2018-10-09,53.74125289916992
2018-10-10,51.25164031982422
2018-10-11,50.799190521240234
2018-10-12,52.61370086669922
2018-10-15,51.48851013183594
2018-10-16,52.6231803894043
2018-10-17,52.39576721191406
2018-10-18,51.17109298706055
2018-10-19,51.950435638427734
2018-10-22,52.26785659790039
2018-10-23,52.76057434082031
2018-10-24,50.9507942199707
2018-10-25,52.066505432128906
2018-10-26,51.237422943115234
2018-10-29,50.27568817138672
2018-10-30,50.52678298950195
2018-10-31,51.84383773803711
2018-11-01,52.63975524902344
2018-11-02,49.14812469482422
2018-11-05,47.75290298461914
2018-11-06,48.2692985534668
2018-11-07,49.73322677612305
2018-11-08,49.5597038269043
2018-11-09,48.60411834716797
2018-11-12,46.155723571777344
2018-11-13,45.69456100463867
2018-11-14,44.40382385253906
2018-11-15,45.49965286254883
2018-11-16,46.00358963012695
2018-11-19,44.18037796020508
2018-11-20,42.06951904296875
2018-11-21,42.02198791503906
2018-11-23,40.954689025878906
2018-11-26,41.5085334777832
2018-11-27,41.41820526123047
2018-11-28,43.0108642578125
2018-11-29,42.68043899536133
2018-11-30,42.44985580444336
2018-12-03,43.93315887451172
2018-12-04,42.0005989074707
2018-12-06,41.53229904174805
2018-12-07,40.05139923095703
2018-12-10,40.315250396728516
2018-12-11,40.08466720581055
2018-12-12,40.19639587402344
2018-12-13,40.63615798950195
2018-12-14,39.33588790893555
2018-12-17,38.969818115234375
2018-12-18,39.47613525390625
2018-12-19,38.24481964111328
2018-12-20,37.27971649169922
2018-12-21,35.82970428466797
2018-12-24,34.90264129638672
2018-12-26,37.36053466796875
2018-12-27,37.11808395385742
2018-12-28,37.137081146240234
2018-12-31,37.49603271484375
2019-01-02,37.538818359375
2019-01-03,33.799678802490234
2019-01-04,35.24256896972656
2019-01-07,35.16411590576172
2019-01-08,35.83444595336914
2019-01-09,36.4429817199707
2019-01-10,36.55946350097656
2019-01-11,36.200531005859375
2019-01-14,35.65616989135742
2019-01-15,36.38594436645508
2019-01-16,36.8304557800293
2019-01-17,37.04914855957031
2019-01-18,37.2773551940918
2019-01-22,36.44061279296875
2019-01-23,36.58798599243164
2019-01-24,36.29798889160156
2019-01-25,37.500797271728516
2019-01-28,37.15373992919922
2019-01-29,36.76865005493164
2019-01-30,39.28122329711914
2019-01-31,39.56407928466797
2019-02-01,39.583099365234375
2019-02-04,40.70745849609375
2019-02-05,41.40394592285156
2019-02-06,41.41820526123047
2019-02-07,40.6337776184082
2019-02-08,40.681514739990234
2019-02-11,40.447566986083984
2019-02-12,40.79610824584961
2019-02-13,40.626609802246094
2019-02-14,40.77463150024414
2019-02-15,40.683902740478516
2019-02-19,40.80564880371094
2019-02-20,41.06826400756836
2019-02-21,40.83669662475586
2019-02-22,41.29265213012695
2019-02-25,41.59345626831055
2019-02-26,41.61733627319336
2019-02-27,41.74623107910156
2019-02-28,41.33562088012695
2019-03-01,41.770111083984375
2019-03-04,41.98020553588867
2019-03-05,41.90378952026367
2019-03-06,41.66268539428711
2019-03-07,41.18046569824219
2019-03-08,41.27833557128906
2019-03-11,42.708316802978516
2019-03-12,43.18816375732422
2019-03-13,43.37913513183594
2019-03-14,43.861358642578125
2019-03-15,44.43191909790039
2019-03-18,44.88550567626953
2019-03-19,44.5297966003418
2019-03-20,44.9189338684082
2019-03-21,46.57330322265625
2019-03-22,45.608848571777344
2019-03-25,45.05739974975586
2019-03-26,44.59186553955078
2019-03-27,44.99293899536133
2019-03-28,45.05262756347656
2019-03-29,45.34625244140625
2019-04-01,45.654212951660156
2019-04-02,46.31787109375
2019-04-03,46.635379791259766
2019-04-04,46.7165412902832
2019-04-05,47.02927780151367
2019-04-08,47.76933288574219
2019-04-09,47.6260986328125
2019-04-10,47.893470764160156
2019-04-11,47.49479675292969
2019-04-12,47.47570037841797
2019-04-15,47.5616340637207
2019-04-16,47.566410064697266
2019-04-17,48.49267578125
2019-04-18,48.66695022583008
2019-04-22,48.8268928527832
2019-04-23,49.531131744384766
2019-04-24,49.454750061035156
2019-04-25,49.005943298339844
2019-04-26,48.77198791503906
2019-04-29,48.845985412597656
2019-04-30,47.9054069519043
2019-05-01,50.25687026977539
2019-05-02,49.9298210144043
2019-05-03,50.550506591796875
2019-05-06,49.76987075805664
2019-05-07,48.42822265625
2019-05-08,48.43777084350586
2019-05-09,47.91734313964844
2019-05-10,47.2535285949707
2019-05-13,44.50716781616211
2019-05-14,45.21174621582031
2019-05-15,45.75334167480469
2019-05-16,45.55204391479492
2019-05-17,45.293212890625
2019-05-20,43.87690353393555
2019-05-21,44.71806716918945
2019-05-22,43.802608489990234
2019-05-23,43.05492401123047
2019-05-24,42.88956832885742
2019-05-28,42.712215423583984
2019-05-29,42.50852584838867
2019-05-30,42.729000091552734
2019-05-31,41.95493698120117
2019-06-03,41.53076171875
2019-06-04,43.05012130737305
2019-06-05,43.74509811401367
2019-06-06,44.387359619140625
2019-06-07,45.56881332397461
2019-06-10,46.15114974975586
2019-06-11,46.68555450439453
2019-06-12,46.536983489990234
2019-06-13,46.52738952636719
2019-06-14,46.18948745727539
2019-06-17,46.465091705322266
2019-06-18,47.5578727722168
2019-06-19,47.41887283325195
2019-06-20,47.7999153137207
2019-06-21,47.636962890625
2019-06-24,47.58902359008789
2019-06-25,46.86769485473633
2019-06-26,47.88139724731445
2019-06-27,47.86702346801758
2019-06-28,47.43085861206055
2019-07-01,48.300785064697266
2019-07-02,48.583560943603516
2019-07-03,48.98617172241211
2019-07-05,48.943016052246094
2019-07-08,47.934112548828125
2019-07-09,48.22649002075195
2019-07-10,48.70338439941406
2019-07-11,48.34870910644531
2019-07-12,48.720157623291016
2019-07-15,49.17789077758789
2019-07-16,49.00774002075195
2019-07-17,48.73214340209961
2019-07-18,49.285736083984375
2019-07-19,48.550018310546875
2019-07-22,49.65958023071289
2019-07-23,50.04780197143555
2019-07-24,50.00706100463867
2019-07-25,49.61164474487305
2019-07-26,49.78419494628906
2019-07-29,50.249107360839844
2019-07-30,50.03342819213867
2019-07-31,51.054317474365234
2019-08-01,49.949546813964844
2019-08-02,48.8927001953125
2019-08-05,46.33327865600586
2019-08-06,47.210384368896484
2019-08-07,47.69926452636719
2019-08-08,48.75131607055664
2019-08-09,48.3495979309082
2019-08-12,48.226898193359375
2019-08-13,50.26923370361328
2019-08-14,48.7729606628418
2019-08-15,48.53001022338867
2019-08-16,49.67505645751953
2019-08-19,50.6011962890625
2019-08-20,50.603607177734375
2019-08-21,51.15208053588867
2019-08-22,51.10877990722656
2019-08-23,48.74650192260742
2019-08-26,49.67264938354492
2019-08-27,49.11214828491211
2019-08-28,49.44171142578125
2019-08-29,50.27885437011719
2019-08-30,50.213897705078125
2019-09-03,49.48261260986328
2019-09-04,50.32215118408203
2019-09-05,51.3060302734375
2019-09-06,51.301231384277344
2019-09-09,51.52013397216797
2019-09-10,52.12874221801758
2019-09-11,53.786170959472656
2019-09-12,53.6658935546875
2019-09-13,52.62187194824219
2019-09-16,52.89851760864258
2019-09-17,53.090965270996094
2019-09-18,53.58892822265625
2019-09-19,53.153507232666016
2019-09-20,52.37649917602539
2019-09-23,52.614662170410156
2019-09-24,52.36448287963867
2019-09-25,53.17034912109375
2019-09-26,52.896114349365234
2019-09-27,52.63872528076172
2019-09-30,53.877593994140625
2019-10-01,54.0267333984375
2019-10-02,52.67239761352539
2019-10-03,53.11983108520508
2019-10-04,54.60887908935547
2019-10-07,54.62091827392578
2019-10-08,53.981021881103516
2019-10-09,54.61369705200195
2019-10-10,55.349788665771484
2019-10-11,56.82201385498047
2019-10-14,56.74020767211914
2019-10-15,56.60791778564453
2019-10-16,56.3793830871582
2019-10-17,56.59830093383789
2019-10-18,56.87012481689453
2019-10-21,57.856407165527344
2019-10-22,57.72409439086914
2019-10-23,58.498695373535156
2019-10-24,58.594905853271484
2019-10-25,59.316585540771484
2019-10-28,59.91075897216797
2019-10-29,58.525146484375
2019-10-30,58.517940521240234
2019-10-31,59.841007232666016
2019-11-01,61.53933334350586
2019-11-04,61.9434700012207
2019-11-05,61.85447311401367
2019-11-06,61.88092041015625
2019-11-07,62.5950927734375
2019-11-08,62.766422271728516
2019-11-11,63.263458251953125
2019-11-12,63.205543518066406
2019-11-13,63.8111572265625
2019-11-14,63.369625091552734
2019-11-15,64.12240600585938
2019-11-18,64.44570922851562
2019-11-19,64.25030517578125
2019-11-20,63.5023193359375
2019-11-21,63.21761703491211
2019-11-22,63.16211700439453
2019-11-25,64.26957702636719
2019-11-26,63.76771545410156
2019-11-27,64.62425231933594
2019-11-29,64.48191833496094
2019-12-02,63.736366271972656
2019-12-03,62.59992980957031
2019-12-04,63.15247344970703
2019-12-05,64.0789794921875
2019-12-06,65.31673431396484
2019-12-09,64.40230560302734
2019-12-10,64.77870178222656
2019-12-11,65.33121490478516
2019-12-12,65.49768829345703
2019-12-13,66.38800811767578
2019-12-16,67.52444458007812
2019-12-17,67.65715026855469
2019-12-18,67.49547576904297
2019-12-19,67.56304168701172
2019-12-20,67.42310333251953
2019-12-23,68.52333068847656
2019-12-24,68.58847045898438
2019-12-26,69.94930267333984
2019-12-27,69.92276763916016
2019-12-30,70.33776092529297
2019-12-31,70.85169982910156
2020-01-02,72.46827697753906
2020-01-03,71.76370239257812
2020-01-06,72.33556365966797
2020-01-07,71.99536895751953
2020-01-08,73.15351867675781
2020-01-09,74.70732879638672
2020-01-10,74.87622833251953
2020-01-13,76.47589111328125
2020-01-14,75.4432144165039
2020-01-15,75.11991119384766
2020-01-16,76.06092071533203
2020-01-17,76.90296936035156
2020-01-21,76.3818130493164
2020-01-22,76.65445709228516
2020-01-23,77.02362060546875
2020-01-24,76.80164337158203
2020-01-27,74.54327392578125
2020-01-28,76.65206146240234
2020-01-29,78.25654602050781
2020-01-30,78.14314270019531
2020-01-31,74.67841339111328
2020-02-03,74.4732894897461
2020-02-04,76.93193817138672
2020-02-05,77.55924987792969
2020-02-06,78.4664535522461
2020-02-07,77.3999252319336
2020-02-10,77.76751708984375
2020-02-11,77.2983169555664
2020-02-12,79.13396453857422
2020-02-13,78.57044219970703
2020-02-14,78.58979034423828
2020-02-18,77.15078735351562
2020-02-19,78.26812744140625
2020-02-20,77.4651870727539
2020-02-21,75.71176147460938
2020-02-24,72.11544036865234
2020-02-25,69.6727294921875
2020-02-26,70.77799987792969
2020-02-27,66.15135955810547
2020-02-28,66.1126708984375
2020-03-02,72.26780700683594
2020-03-03,69.97262573242188
2020-03-04,73.21827697753906
2020-03-05,70.8432846069336
2020-03-06,69.90247344970703
2020-03-09,64.3737564086914
2020-03-10,69.01005554199219
2020-03-11,66.61329650878906
2020-03-12,60.03491973876953
2020-03-13,67.22759246826172
2020-03-16,58.5789794921875
2020-03-17,61.154701232910156
2020-03-18,59.65763473510742
2020-03-19,59.200531005859375
2020-03-20,55.44215393066406
2020-03-23,54.26433181762695
2020-03-24,59.70842361450195
2020-03-25,59.37950134277344
2020-03-26,62.50422668457031
2020-03-27,59.91642379760742
2020-03-30,61.626312255859375
2020-03-31,61.50054168701172
2020-04-01,58.26456832885742
2020-04-02,59.236812591552734
2020-04-03,58.38549041748047
2020-04-06,63.47891616821289
2020-04-07,62.74365234375
2020-04-08,64.34956359863281
2020-04-09,64.81391906738281
2020-04-13,66.08607482910156
2020-04-14,69.42362213134766
2020-04-15,68.78998565673828
2020-04-16,69.33654022216797
2020-04-17,68.395751953125
2020-04-20,66.97608184814453
2020-04-21,64.90583038330078
2020-04-22,66.77532958984375
2020-04-23,66.51656341552734
2020-04-24,68.43685913085938
2020-04-27,68.48526000976562
2020-04-28,67.3751449584961
2020-04-29,69.58807373046875
2020-04-30,71.05613708496094
2020-05-01,69.91217041015625
2020-05-04,70.90132141113281
2020-05-05,71.9654769897461
2020-05-06,72.70797729492188
2020-05-07,73.46012878417969
2020-05-08,75.2085952758789
2020-05-11,76.39204406738281
2020-05-12,75.51899719238281
2020-05-13,74.60718536376953
2020-05-14,75.0655288696289
2020-05-15,74.62173461914062
2020-05-18,76.37989807128906
2020-05-19,75.93856048583984
2020-05-20,77.41541290283203
2020-05-21,76.8382568359375
2020-05-22,77.33296966552734
2020-05-26,76.80916595458984
2020-05-27,77.14379119873047
2020-05-28,77.17774963378906
2020-05-29,77.10259246826172
2020-06-01,78.05079650878906
2020-06-02,78.412109375
2020-06-03,78.84378051757812
2020-06-04,78.1647720336914
2020-06-05,80.39096069335938
2020-06-08,80.86628723144531
2020-06-09,83.41986083984375
2020-06-10,85.56605529785156
2020-06-11,81.45800018310547
2020-06-12,82.1612548828125
2020-06-15,83.1773910522461
2020-06-16,85.38175201416016
2020-06-17,85.262939453125
2020-06-18,85.29689025878906
2020-06-19,84.80943298339844
2020-06-22,87.02838134765625
2020-06-23,88.88599395751953
2020-06-24,87.31697082519531
2020-06-25,88.47613525390625
2020-06-26,85.75765228271484
2020-06-29,87.73407745361328
2020-06-30,88.4664535522461
2020-07-01,88.29912567138672
2020-07-02,88.29912567138672
2020-07-06,90.66112518310547
2020-07-07,90.37982177734375
2020-07-08,92.48478698730469
2020-07-09,92.88248443603516
2020-07-10,93.04496765136719
2020-07-13,92.6157455444336
2020-07-14,94.14837646484375
2020-07-15,94.79586029052734
2020-07-16,93.6294174194336
2020-07-17,93.44025421142578
2020-07-20,95.40940856933594
2020-07-21,94.09260559082031
2020-07-22,94.35696411132812
2020-07-23,90.06214141845703
2020-07-24,89.83902740478516
2020-07-27,91.96823120117188
2020-07-28,90.45743560791016
2020-07-29,92.19135284423828
2020-07-30,93.30686950683594
2020-07-31,103.0750503540039
2020-08-03,105.67229461669922
2020-08-04,106.37799835205078
2020-08-05,106.76355743408203
2020-08-06,110.48848724365234
2020-08-07,107.9764404296875
2020-08-10,109.54586791992188
2020-08-11,106.28797149658203
2020-08-12,109.82038116455078
2020-08-13,111.76392364501953
2020-08-14,111.66434478759766
2020-08-17,111.37278747558594
2020-08-18,112.30084228515625
2020-08-19,112.4417495727539
2020-08-20,114.9367904663086
2020-08-21,120.8597640991211
2020-08-24,122.30525970458984
2020-08-25,121.30191040039062
2020-08-26,122.9515151977539
2020-08-27,121.48169708251953
2020-08-28,121.28490447998047
2020-08-31,125.3979263305664
2020-09-01,130.3928985595703
2020-09-02,127.6913070678711
2020-09-03,117.4682388305664
2020-09-04,117.54598999023438
2020-09-08,109.6357421875
2020-09-09,114.00872802734375
2020-09-10,110.28683471679688
2020-09-11,108.8388900756836
2020-09-14,112.10404968261719
2020-09-15,112.27896881103516
2020-09-16,108.96520233154297
2020-09-17,107.2257308959961
2020-09-18,103.82452392578125
2020-09-21,106.97307586669922
2020-09-22,108.65425109863281
2020-09-23,104.09661865234375
2020-09-24,105.16557312011719
2020-09-25,109.11097717285156
2020-09-28,111.71533203125
2020-09-29,110.86988830566406
2020-09-30,112.54133605957031
2020-10-01,113.49369049072266
2020-10-02,109.8301010131836
2020-10-05,113.21187591552734
2020-10-06,109.96614837646484
2020-10-07,111.83195495605469
2020-10-08,111.72505950927734
2020-10-09,113.66860961914062
2020-10-12,120.88892364501953
2020-10-13,117.68204498291016
2020-10-14,117.76950073242188
2020-10-15,117.30303955078125
2020-10-16,115.6607666015625
2020-10-19,112.70655822753906
2020-10-20,114.19337463378906
2020-10-21,113.57144927978516
2020-10-22,112.48303985595703
2020-10-23,111.79308319091797
2020-10-26,111.80279541015625
2020-10-27,113.3090591430664
2020-10-28,108.06144714355469
2020-10-29,112.06517028808594
2020-10-30,105.78751373291016
2020-11-02,105.70005798339844
2020-11-03,107.32290649414062
2020-11-04,111.70561218261719
2020-11-05,115.67047119140625
2020-11-06,115.5390625
2020-11-09,113.23196411132812
2020-11-10,112.89125061035156
2020-11-11,116.31781768798828
2020-11-12,116.04525756835938
2020-11-13,116.09393310546875
2020-11-16,117.10633850097656
2020-11-17,116.220458984375
2020-11-18,114.89657592773438
2020-11-19,115.4903793334961
2020-11-20,114.22488403320312
2020-11-23,110.82752990722656
2020-11-24,112.11249542236328
2020-11-25,112.94967651367188
2020-11-27,113.49480438232422
2020-11-30,115.88951110839844
2020-12-01,119.46206665039062
2020-12-02,119.8125228881836
2020-12-03,119.67623901367188
2020-12-04,119.00456237792969
2020-12-07,120.46471405029297
2020-12-08,121.0780029296875
2020-12-09,118.5470199584961
2020-12-10,119.96825408935547
2020-12-11,119.16030883789062
2020-12-14,118.5470199584961
2020-12-15,124.48509216308594
2020-12-16,124.41694641113281
2020-12-17,125.28328704833984
2020-12-18,123.2974624633789
2020-12-21,124.82579040527344
2020-12-22,128.37892150878906
2020-12-23,127.48335266113281
2020-12-24,128.4665069580078
2020-12-28,133.0611572265625
2020-12-29,131.28948974609375
2020-12-30,130.17002868652344
2020-12-31,129.16738891601562
2021-01-04,125.9744873046875
2021-01-05,127.53195190429688
2021-01-06,123.23906707763672
2021-01-07,127.44438171386719
2021-01-08,128.5443878173828
2021-01-11,125.55586242675781
2021-01-12,125.38066101074219
2021-01-13,127.41517639160156
2021-01-14,125.48775482177734
2021-01-15,123.76472473144531
2021-01-19,124.43641662597656
2021-01-20,128.52491760253906
2021-01-21,133.23643493652344
2021-01-22,135.3780059814453
2021-01-25,139.12582397460938
2021-01-26,139.35943603515625
2021-01-27,138.28866577148438
2021-01-28,133.4505615234375
2021-01-29,128.45680236816406
2021-02-01,130.57888793945312
2021-02-02,131.4063720703125
2021-02-03,130.38418579101562
2021-02-04,133.74261474609375
2021-02-05,133.3282928466797
2021-02-08,133.47451782226562
2021-02-09,132.5971221923828
2021-02-10,131.99266052246094
2021-02-11,131.7392120361328
2021-02-12,131.97311401367188
2021-02-16,129.84788513183594
2021-02-17,127.55680847167969
2021-02-18,126.45518493652344
2021-02-19,126.61117553710938
2021-02-22,122.83827209472656
2021-02-23,122.70177459716797
2021-02-24,122.20458221435547
2021-02-25,117.9540023803711
2021-02-26,118.21720886230469
2021-03-01,124.58336639404297
2021-03-02,121.9803695678711
2021-03-03,118.99713897705078
2021-03-04,117.11556243896484
2021-03-05,118.37318420410156
2021-03-08,113.44017028808594
2021-03-09,118.05148315429688
2021-03-10,116.96932983398438
2021-03-11,118.89965057373047
2021-03-12,117.99299621582031
2021-03-15,120.87870788574219
2021-03-16,122.41907501220703
2021-03-17,121.62940216064453
2021-03-18,117.50553894042969
2021-03-19,116.97908782958984
2021-03-22,120.29376220703125
2021-03-23,119.46510314941406
2021-03-24,117.0765609741211
2021-03-25,117.56402587890625
2021-03-26,118.16848754882812
2021-03-29,118.34394073486328
2021-03-30,116.89134979248047
2021-03-31,119.08486938476562
2021-04-01,119.9135513305664
2021-04-05,122.74079132080078
2021-04-06,123.04301452636719
2021-04-07,124.69059753417969
2021-04-08,127.08888244628906
2021-04-09,129.66262817382812
2021-04-12,127.94676208496094
2021-04-13,131.05673217773438
2021-04-14,128.71697998046875
2021-04-15,131.125
2021-04-16,130.79348754882812
2021-04-19,131.45639038085938
2021-04-20,129.76988220214844
2021-04-21,130.1500701904297
2021-04-22,128.6292266845703
2021-04-23,130.94952392578125
2021-04-26,131.3394775390625
2021-04-27,131.01776123046875
2021-04-28,130.22808837890625
2021-04-29,130.130615234375
2021-04-30,128.16123962402344
2021-05-03,129.21414184570312
2021-05-04,124.64185333251953
2021-05-05,124.88558959960938
2021-05-06,126.48441314697266
2021-05-07,127.15826416015625
2021-05-10,123.87699127197266
2021-05-11,122.95903778076172
2021-05-12,119.89260864257812
2021-05-13,122.04106903076172
2021-05-14,124.46295166015625
2021-05-17,123.31060791015625
2021-05-18,121.92386627197266
2021-05-19,121.76763153076172
2021-05-20,124.32621002197266
2021-05-21,122.49028778076172
2021-05-24,124.12115478515625
2021-05-25,123.92583465576172
2021-05-26,123.87699127197266
2021-05-27,122.34378814697266
2021-05-28,121.68951416015625
2021-06-01,121.36721801757812
2021-06-02,122.12897491455078
2021-06-03,120.64457702636719
2021-06-04,122.93949127197266
2021-06-07,122.94927978515625
2021-06-08,123.76956939697266
2021-06-09,124.15043640136719
2021-06-10,123.15434265136719
2021-06-11,124.36529541015625
2021-06-14,127.42192840576172
2021-06-15,126.60159301757812
2021-06-16,127.09965515136719
2021-06-17,128.7012481689453
2021-06-18,127.40239715576172
2021-06-21,129.1992950439453
2021-06-22,130.83985900878906
2021-06-23,130.5664520263672
2021-06-24,130.28323364257812
2021-06-25,129.9902801513672
2021-06-28,131.62115478515625
2021-06-29,133.13482666015625
2021-06-30,133.75006103515625
2021-07-01,134.0527801513672
2021-07-02,136.6797637939453
2021-07-06,138.69146728515625
2021-07-07,141.18170166015625
2021-07-08,139.88287353515625
2021-07-09,141.70901489257812
2021-07-12,141.11331176757812
2021-07-13,142.22659301757812
2021-07-14,145.6543426513672
2021-07-15,145.00006103515625
2021-07-16,142.95899963378906
2021-07-19,139.11141967773438
2021-07-20,142.72467041015625
2021-07-21,141.99224853515625
2021-07-22,143.35939025878906
2021-07-23,145.0781707763672
2021-07-26,145.4981231689453
2021-07-27,143.3301544189453
2021-07-28,141.5820770263672
2021-07-29,142.22659301757812
2021-07-30,142.44146728515625
2021-08-02,142.1094207763672
2021-08-03,143.9063262939453
2021-08-04,143.5059051513672
2021-08-05,143.61334228515625
2021-08-06,142.9287567138672
2021-08-09,142.8798370361328
2021-08-10,142.40057373046875
2021-08-11,142.65487670898438
2021-08-12,145.61830139160156
2021-08-13,145.82369995117188
2021-08-16,147.79930114746094
2021-08-17,146.8897705078125
2021-08-18,143.1439208984375
2021-08-19,143.47642517089844
2021-08-20,144.93365478515625
2021-08-23,146.4202880859375
2021-08-24,146.33226013183594
2021-08-25,145.09991455078125
2021-08-26,144.2979278564453
2021-08-27,145.33468627929688
2021-08-30,149.75534057617188
2021-08-31,148.49368286132812
2021-09-01,149.15878295898438
2021-09-02,150.27371215820312
2021-09-03,150.90940856933594
2021-09-07,153.24691772460938
2021-09-08,151.70162963867188
2021-09-09,150.6844940185547
2021-09-10,145.69654846191406
2021-09-13,146.26380920410156
2021-09-14,144.86520385742188
2021-09-15,145.75521850585938
2021-09-16,145.52049255371094
2021-09-17,142.8504638671875
2021-09-20,139.79905700683594
2021-09-21,140.27825927734375
2021-09-22,142.6450958251953
2021-09-23,143.6035919189453
2021-09-24,143.69158935546875
2021-09-27,142.1756591796875
2021-09-28,138.79168701171875
2021-09-29,139.6914520263672
2021-09-30,138.3907012939453
2021-10-01,139.51541137695312
2021-10-04,136.08251953125
2021-10-05,138.0092315673828
2021-10-06,138.87969970703125
2021-10-07,140.14134216308594
2021-10-08,139.7598876953125
2021-10-11,139.67190551757812
2021-10-12,138.4004364013672
2021-10-13,137.8136749267578
2021-10-14,140.6009979248047
2021-10-15,141.65728759765625
2021-10-18,143.32972717285156
2021-10-19,145.49114990234375
2021-10-20,145.9801483154297
2021-10-21,146.1953125
2021-10-22,145.4226837158203
2021-10-25,145.37379455566406
2021-10-26,146.0388641357422
2021-10-27,145.57920837402344
2021-10-28,149.21742248535156
2021-10-29,146.50828552246094
2021-11-01,145.68679809570312
2021-11-02,146.72348022460938
2021-11-03,148.16119384765625
2021-11-04,147.642822265625
2021-11-05,148.17173767089844
2021-11-08,147.3489990234375
2021-11-09,147.7113494873047
2021-11-10,144.88075256347656
2021-11-11,144.831787109375
2021-11-12,146.90821838378906
2021-11-15,146.91802978515625
2021-11-16,147.8974609375
2021-11-17,150.33631896972656
2021-11-18,154.6262969970703
2021-11-19,157.2512664794922
2021-11-22,157.7115936279297
2021-11-23,158.09361267089844
2021-11-24,158.6127166748047
2021-11-26,153.58810424804688
2021-11-29,156.94764709472656
2021-11-30,161.9036407470703
2021-12-01,161.38455200195312
2021-12-02,160.39529418945312
2021-12-03,158.5147247314453
2021-12-06,161.9232635498047
2021-12-07,167.66282653808594
2021-12-08,171.48272705078125
2021-12-09,170.97337341308594
2021-12-10,175.76292419433594
2021-12-13,172.129150390625
2021-12-14,170.74810791015625
2021-12-15,175.6160125732422
2021-12-16,168.72064208984375
2021-12-17,167.6236572265625
2021-12-20,166.26220703125
2021-12-21,169.4356231689453
2021-12-22,172.0311737060547
2021-12-23,172.65805053710938
2021-12-27,176.6248321533203
2021-12-28,175.60618591308594
2021-12-29,175.69436645507812
2021-12-30,174.53857421875
2021-12-31,173.92153930664062
2022-01-03,178.2703399658203
2022-01-04,176.0077667236328
2022-01-05,171.32601928710938
2022-01-06,168.46600341796875
2022-01-07,168.6325225830078
2022-01-10,168.65208435058594
2022-01-11,171.48272705078125
2022-01-12,171.92343139648438
2022-01-13,168.65208435058594
2022-01-14,169.51402282714844
2022-01-18,166.31118774414062
2022-01-19,162.81455993652344
2022-01-20,161.12989807128906
2022-01-21,159.0730438232422
2022-01-24,158.2992706298828
2022-01-25,156.49705505371094
2022-01-26,156.40895080566406
2022-01-27,155.94857788085938
2022-01-28,166.83029174804688
2022-01-31,171.18885803222656
2022-02-01,171.02236938476562
2022-02-02,172.2270965576172
2022-02-03,169.34751892089844
2022-02-04,169.0631103515625
2022-02-07,168.34719848632812
2022-02-08,171.45599365234375
2022-02-09,172.87803649902344
2022-02-10,168.7982940673828
2022-02-11,165.385498046875
2022-02-14,165.620849609375
2022-02-15,169.4553680419922
2022-02-16,169.22003173828125
2022-02-17,165.620849609375
2022-02-18,164.0712890625
2022-02-22,161.14883422851562
2022-02-23,156.9808807373047
2022-02-24,159.599365234375
2022-02-25,161.66864013671875
2022-02-28,161.93341064453125
2022-03-01,160.0504608154297
2022-03-02,163.34561157226562
2022-03-03,163.02198791503906
2022-03-04,160.02102661132812
2022-03-07,156.22573852539062
2022-03-08,154.40159606933594
2022-03-09,159.80528259277344
2022-03-10,155.46075439453125
2022-03-11,151.743896484375
2022-03-14,147.7132110595703
2022-03-15,152.09698486328125
2022-03-16,156.5101318359375
2022-03-17,157.52024841308594
2022-03-18,160.81539916992188
2022-03-21,162.1884002685547
2022-03-22,165.56199645996094
2022-03-23,166.9251708984375
2022-03-24,170.71070861816406
2022-03-25,171.34814453125
2022-03-28,172.2111358642578
2022-03-29,175.5063018798828
2022-03-30,174.33929443359375
2022-03-31,171.24024963378906
2022-04-01,170.94606018066406
2022-04-04,174.99636840820312
2022-04-05,171.68154907226562
2022-04-06,168.51393127441406
2022-04-07,168.81788635253906
2022-04-08,166.8074951171875
2022-04-11,162.55123901367188
2022-04-12,164.4243927001953
2022-04-13,167.1114959716797
2022-04-14,162.10012817382812
2022-04-18,161.88433837890625
2022-04-19,164.1693878173828
2022-04-20,164.002685546875
2022-04-21,163.2082977294922
2022-04-22,158.66766357421875
2022-04-25,159.73663330078125
2022-04-26,153.77395629882812
2022-04-27,153.5484161376953
2022-04-28,160.48194885253906
2022-04-29,154.60757446289062
2022-05-02,154.91160583496094
2022-05-03,156.4022216796875
2022-05-04,162.8160400390625
2022-05-05,153.74456787109375
2022-05-06,154.4713134765625
2022-05-09,149.3445587158203
2022-05-10,151.7507781982422
2022-05-11,143.88380432128906
2022-05-12,140.01417541503906
2022-05-13,144.4829559326172
2022-05-16,142.94097900390625
2022-05-17,146.57493591308594
2022-05-18,138.30528259277344
2022-05-19,134.89723205566406
2022-05-20,135.13291931152344
2022-05-23,140.5543975830078
2022-05-24,137.8534698486328
2022-05-25,138.0106201171875
2022-05-26,141.21240234375
2022-05-27,146.96774291992188
2022-05-31,146.18206787109375
2022-06-01,146.0543670654297
2022-06-02,148.509765625
2022-06-03,142.78382873535156
2022-06-06,143.53028869628906
2022-06-07,146.0543670654297
2022-06-08,145.3177947998047
2022-06-09,140.09278869628906
2022-06-10,134.68116760253906
2022-06-13,129.52491760253906
2022-06-14,130.38919067382812
2022-06-15,133.01148986816406
2022-06-16,127.73741912841797
2022-06-17,129.21066284179688
2022-06-21,133.44369506835938
2022-06-22,132.93295288085938
2022-06-23,135.80081176757812
2022-06-24,139.1302490234375
2022-06-27,139.1302490234375
2022-06-28,134.98562622070312
2022-06-29,136.74366760253906
2022-06-30,134.27847290039062
2022-07-01,136.44900512695312
2022-07-05,139.0320281982422
2022-07-06,140.36778259277344
2022-07-07,143.73654174804688
2022-07-08,144.41416931152344
2022-07-11,142.28294372558594
2022-07-12,143.25526428222656
2022-07-13,142.89187622070312
2022-07-14,145.8186492919922
2022-07-15,147.4883270263672
2022-07-18,144.44363403320312
2022-07-19,148.30348205566406
2022-07-20,150.30703735351562
2022-07-21,152.57582092285156
2022-07-22,151.33827209472656
2022-07-25,150.21864318847656
2022-07-26,148.89276123046875
2022-07-27,153.9900665283203
2022-07-28,154.5400848388672
2022-07-29,159.60792541503906
2022-08-01,158.6257781982422
2022-08-02,157.15255737304688
2022-08-03,163.1632843017578
2022-08-04,162.8489990234375
2022-08-05,162.622802734375
2022-08-08,162.15069580078125
2022-08-09,162.1999053955078
2022-08-10,166.4486541748047
2022-08-11,165.7109832763672
2022-08-12,169.261474609375
2022-08-15,170.33348083496094
2022-08-16,170.1761016845703
2022-08-17,171.67105102539062
2022-08-18,171.27761840820312
2022-08-19,168.69100952148438
2022-08-22,164.80618286132812
2022-08-23,164.47178649902344
2022-08-24,164.766845703125
2022-08-25,167.22561645507812
2022-08-26,160.92132568359375
2022-08-29,158.71827697753906
2022-08-30,156.28903198242188
2022-08-31,154.62689208984375
2022-09-01,155.35470581054688
2022-09-02,153.24014282226562
2022-09-06,151.9812469482422
2022-09-07,153.38766479492188
2022-09-08,151.9124298095703
2022-09-09,154.77439880371094
2022-09-12,160.73446655273438
2022-09-13,151.3026123046875
2022-09-14,152.74839782714844
2022-09-15,149.85687255859375
2022-09-16,148.2144317626953
2022-09-19,151.93206787109375
2022-09-20,154.3121337890625
2022-09-21,151.18463134765625
2022-09-22,150.2207794189453
2022-09-23,147.94888305664062
2022-09-26,148.2832794189453
2022-09-27,149.2569122314453
2022-09-28,147.3686065673828
2022-09-29,140.12997436523438
2022-09-30,135.9206085205078
2022-10-03,140.10049438476562
2022-10-04,143.69033813476562
2022-10-05,143.9853515625
2022-10-06,143.03134155273438
2022-10-07,137.7794189453125
2022-10-10,138.10398864746094
2022-10-11,136.68772888183594
2022-10-12,136.05828857421875
2022-10-13,140.63160705566406
2022-10-14,136.09762573242188
2022-10-17,140.0611572265625
2022-10-18,141.37904357910156
2022-10-19,141.48724365234375
2022-10-20,141.02499389648438
2022-10-21,144.84100341796875
2022-10-24,146.9850311279297
2022-10-25,149.827392578125
2022-10-26,146.88668823242188
2022-10-27,142.4117431640625
2022-10-28,153.1713104248047
2022-10-31,150.81089782714844
2022-11-01,148.1652374267578
2022-11-02,142.63792419433594
2022-11-03,136.58937072753906
2022-11-04,136.32339477539062
2022-11-07,136.85536193847656
2022-11-08,137.42672729492188
2022-11-09,132.8655548095703
2022-11-10,144.6872100830078
2022-11-11,147.4751434326172
2022-11-14,146.07626342773438
2022-11-15,147.81008911132812
2022-11-16,146.5786590576172
2022-11-17,148.47999572753906
2022-11-18,149.04151916503906
2022-11-21,145.81028747558594
2022-11-22,147.9480438232422
2022-11-23,148.8248291015625
2022-11-25,145.90875244140625
2022-11-28,142.07656860351562
2022-11-29,139.07192993164062
2022-11-30,145.8299560546875
2022-12-01,146.10581970214844
2022-12-02,145.6132354736328
2022-12-05,144.45079040527344
2022-12-06,140.78611755371094
2022-12-07,138.84535217285156
2022-12-08,140.5299072265625
2022-12-09,140.04722595214844
2022-12-12,142.34259033203125
2022-12-13,143.30804443359375
2022-12-14,141.08163452148438
2022-12-15,134.47134399414062
2022-12-16,132.51092529296875
2022-12-19,130.4027099609375
2022-12-20,130.33377075195312
2022-12-21,133.4369354248047
2022-12-22,130.26478576660156
2022-12-23,129.9002685546875
2022-12-27,128.0974884033203
2022-12-28,124.16679382324219
2022-12-29,127.68372344970703
2022-12-30,127.99895477294922
2023-01-03,123.2112045288086
2023-01-04,124.48201751708984
2023-01-05,123.16192626953125
2023-01-06,127.6935806274414
2023-01-09,128.2156982421875
2023-01-10,128.78707885742188
2023-01-11,131.506103515625
2023-01-12,131.42727661132812
2023-01-13,132.7572021484375
2023-01-17,133.91966247558594
2023-01-18,133.20050048828125
2023-01-19,133.25961303710938
2023-01-20,135.82093811035156
2023-01-23,139.01284790039062
2023-01-24,140.4116973876953
2023-01-25,139.75169372558594
2023-01-26,141.82044982910156
2023-01-27,143.76116943359375
2023-01-30,140.87472534179688
2023-01-31,142.14553833007812
2023-02-01,143.2686004638672
2023-02-02,148.57852172851562
2023-02-03,152.20384216308594
2023-02-06,149.47499084472656
2023-02-07,152.35159301757812
2023-02-08,149.6621551513672
2023-02-09,148.6277313232422
2023-02-10,148.99282836914062
2023-02-13,151.7948760986328
2023-02-14,151.15354919433594
2023-02-15,153.25511169433594
2023-02-16,151.65675354003906
2023-02-17,150.5122833251953
2023-02-21,146.4966278076172
2023-02-22,146.9208984375
2023-02-23,147.40432739257812
2023-02-24,144.75025939941406
2023-02-27,145.94410705566406
2023-02-28,145.44091796875
2023-03-01,143.3689727783203
2023-03-02,143.96095275878906
2023-03-03,149.0125732421875
2023-03-06,151.7751922607422
2023-03-07,149.574951171875
2023-03-08,150.82798767089844
2023-03-09,148.5784454345703
2023-03-10,146.516357421875
2023-03-13,148.46005249023438
2023-03-14,150.55172729492188
2023-03-15,150.94638061523438
2023-03-16,153.76820373535156
2023-03-17,152.9295196533203
2023-03-20,155.29745483398438
2023-03-21,157.15234375
2023-03-22,155.72171020507812
2023-03-23,156.80703735351562
2023-03-24,158.10940551757812
2023-03-27,156.16571044921875
2023-03-28,155.54409790039062
2023-03-29,158.62246704101562
2023-03-30,160.19122314453125
2023-03-31,162.69729614257812
2023-04-03,163.95033264160156
2023-04-04,163.41757202148438
2023-04-05,161.57249450683594
2023-04-06,162.46047973632812
2023-04-10,159.86563110351562
2023-04-11,158.65208435058594
2023-04-12,157.96144104003906
2023-04-13,163.3484649658203
2023-04-14,163.00314331054688
2023-04-17,163.02288818359375
2023-04-18,164.24627685546875
2023-04-19,165.39080810546875
2023-04-20,164.4239044189453
2023-04-21,162.815673828125
2023-04-24,163.1215362548828
2023-04-25,161.58238220214844
2023-04-26,161.57249450683594
2023-04-27,166.16036987304688
2023-04-28,167.41342163085938
2023-05-01,167.32464599609375
2023-05-02,166.28868103027344
2023-05-03,165.21322631835938
2023-05-04,163.5753936767578
2023-05-05,171.25146484375
2023-05-08,171.1824188232422
2023-05-09,169.4755096435547
2023-05-10,171.24160766601562
2023-05-11,171.42909240722656
2023-05-12,170.50033569335938
2023-05-15,170.00633239746094
2023-05-16,170.00633239746094
2023-05-17,170.618896484375
2023-05-18,172.95057678222656
2023-05-19,173.05926513671875
2023-05-22,172.11077880859375
2023-05-23,169.50242614746094
2023-05-24,169.77908325195312
2023-05-25,170.915283203125
2023-05-26,173.32603454589844
2023-05-30,175.17361450195312
2023-05-31,175.1242218017578
2023-06-01,177.9301300048828
2023-06-02,178.77981567382812
2023-06-05,177.42626953125
2023-06-06,177.0607147216797
2023-06-07,175.6873779296875
2023-06-08,178.40440368652344
2023-06-09,178.7897186279297
2023-06-12,181.58578491210938
2023-06-13,181.11151123046875
2023-06-14,181.7438507080078
2023-06-15,183.77914428710938
2023-06-16,182.7022247314453
2023-06-20,182.79112243652344
2023-06-21,181.75375366210938
2023-06-22,184.7572784423828
2023-06-23,184.44110107421875
2023-06-26,183.04803466796875
2023-06-27,185.8045654296875
2023-06-28,186.98028564453125
2023-06-29,187.3162078857422
2023-06-30,191.64366149902344
2023-07-03,190.15179443359375
2023-07-05,189.03536987304688
2023-07-06,189.50958251953125
2023-07-07,188.39312744140625
2023-07-10,186.34799194335938
2023-07-11,185.82432556152344
2023-07-12,187.49404907226562
2023-07-13,188.25479125976562
2023-07-14,188.4030303955078
2023-07-17,191.66346740722656
2023-07-18,191.40655517578125
2023-07-19,192.76010131835938
2023-07-20,190.81375122070312
2023-07-21,189.63803100585938
2023-07-24,190.43832397460938
2023-07-25,191.2978515625
2023-07-26,192.1673126220703
2023-07-27,190.9026641845703
2023-07-28,193.48138427734375
2023-07-31,194.09393310546875
2023-08-01,193.2640380859375
2023-08-02,190.27035522460938
2023-08-03,188.87725830078125
2023-08-04,179.80735778808594
2023-08-07,176.70501708984375
2023-08-08,177.6436004638672
2023-08-09,176.05294799804688
2023-08-10,175.83555603027344
2023-08-11,175.89492797851562
2023-08-14,177.54714965820312
2023-08-15,175.5585479736328
2023-08-16,174.68792724609375
2023-08-17,172.14535522460938
2023-08-18,172.630126953125
2023-08-21,173.96572875976562
2023-08-22,175.3408966064453
2023-08-23,179.18943786621094
2023-08-24,174.49996948242188
2023-08-25,176.70620727539062
2023-08-28,178.2693634033203
2023-08-29,182.15744018554688
2023-08-30,185.64984130859375
2023-08-31,185.86749267578125
2023-09-01,187.4405517578125
2023-09-05,187.67799377441406
2023-09-06,180.96035766601562
2023-09-07,175.66737365722656
2023-09-08,176.28077697753906
2023-09-11,177.44821166992188
2023-09-12,174.4208221435547
2023-09-13,172.3531036376953
2023-09-14,173.86680603027344
2023-09-15,173.14456176757812
2023-09-18,176.07301330566406
2023-09-19,177.16128540039062
2023-09-20,173.6194610595703
2023-09-21,172.07606506347656
2023-09-22,172.92689514160156
2023-09-25,174.20315551757812
2023-09-26,170.1270751953125
2023-09-27,168.61337280273438
2023-09-28,168.87062072753906
2023-09-29,169.38507080078125
2023-10-02,171.89801025390625
2023-10-03,170.56239318847656
2023-10-04,171.80897521972656
2023-10-05,173.04562377929688
2023-10-06,175.59814453125
2023-10-09,177.0821533203125
2023-10-10,176.48854064941406
2023-10-11,177.8834991455078
2023-10-12,178.78382873535156
2023-10-13,176.9436492919922
2023-10-16,176.8150177001953
2023-10-17,175.26174926757812
2023-10-18,173.96572875976562
2023-10-19,173.58978271484375
2023-10-20,171.0372772216797
2023-10-23,171.15599060058594
2023-10-24,171.59130859375
2023-10-25,169.2762451171875
2023-10-26,165.11109924316406
2023-10-27,166.4269561767578
2023-10-30,168.47486877441406
2023-10-31,168.9497833251953
2023-11-01,172.11566162109375
2023-11-02,175.67727661132812
2023-11-03,174.76707458496094
2023-11-06,177.31956481933594
2023-11-07,179.88198852539062
2023-11-08,180.94058227539062
2023-11-09,180.4656982421875
2023-11-10,184.6561279296875
2023-11-13,183.0710906982422
2023-11-14,185.6864013671875
2023-11-15,186.2510528564453
2023-11-16,187.93515014648438
2023-11-17,187.91531372070312
2023-11-20,189.65887451171875
2023-11-21,188.85646057128906
2023-11-22,189.52020263671875
2023-11-24,188.19273376464844
2023-11-27,188.01438903808594
2023-11-28,188.61868286132812
2023-11-29,187.59832763671875
2023-11-30,188.17291259765625
2023-12-01,189.45083618164062
2023-12-04,187.65777587890625
2023-12-05,191.61044311523438
2023-12-06,190.52076721191406
2023-12-07,192.45249938964844
2023-12-08,193.8790283203125
2023-12-11,191.37269592285156
2023-12-12,192.88836669921875
2023-12-13,196.1079864501953
2023-12-14,196.25657653808594
2023-12-15,195.72161865234375
2023-12-18,194.05734252929688
2023-12-19,195.0975341796875
2023-12-20,193.00726318359375
2023-12-21,192.85865783691406
2023-12-22,191.7887725830078
2023-12-26,191.24388122558594
2023-12-27,191.3429718017578
2023-12-28,191.76893615722656
2023-12-29,190.72874450683594
